{"maxConflicts": 100, "addConflictOnlyOnce": true, "intervalAbsolute": 0, "logPath": "../data/synthetic/2018-05-01_small/net1/net1-10-10.xes.gz", "iteration": 0, "moveOnModelCosts": 4, "useHideAndReduceAbstraction": true, "logCreationStrategy": "Strict exclude by conflicts", "log": "net1-10-10", "globalDuration": 900000, "alignmentPercentage": 100, "decomposition": "sese_25", "preferBorderTransitions": false, "initDecompFile": "../data/synthetic/2018-05-01_small/net1/decomposition/net1.sese_25", "localDuration": 80000, "outFile": "../results/2018-08-01_05:53:16:757356_20180501_R_score_L_exclude_S_M15/results.csv", "model": "net1", "nofIterations": 200, "modelPath": "../data/synthetic/2018-05-01_small/net1/net1.apnml", "recomposeStrategy": "Score-based", "moveOnLogCosts": 10, "intervalRelative": 100}