_id,LogPath,ModelPath,Log,Model,Monolithic,Decomposition,RecomposeStrategy,LogCreationStrategy,PreferBorderTransitions,AddConflictOnlyOnce,UseHideAndReduceAbstraction,GlobalDurationThreshold,LocalDurationThreshold,LogMoveCost,ModelMoveCost,RelativeIntervalThreshold,AbsoluteIntervalThreshold,MaxConflictThreshold,AlignmentPercentageThreshold,MaxIterationThreshold,CostIntervalLo,CostIntervalHi,FitnessLo,FitnessHi,Aligned,ToAlign,Rejected,TotalTraces,RecompositionStepsTaken,TotalTimeTaken,TotalGeneratedStates,TotalQueuedStates,TotalTraversedArcs,AvgGenerateStates,AvgQueuedStates,AvgTraversedArcs
0, ../data/synthetic/2018-05-01_small/net1/net1-10-10.xes.gz, ../data/synthetic/2018-05-01_small/net1/net1.apnml, net1-10-10, net1, false, sese_25, Score-based, Strict exclude by conflicts, false, true, true, 900000, 80000, 10, 4, 100, 0, 100, 100, 200, 9.046, 9.046, 0.9886547771339704, 0.9886547771339704, 1000, 0, 0, 1000, 4, 69530, 314791.0, 689332.0, 789599.0, 314.791, 689.332, 789.599
1, ../data/synthetic/2018-05-01_small/net1/net1-10-60.xes.gz, ../data/synthetic/2018-05-01_small/net1/net1.apnml, net1-10-60, net1, false, sese_25, Score-based, Strict exclude by conflicts, false, true, true, 900000, 80000, 10, 4, 100, 0, 100, 100, 200, 39.948, 39.948, 0.950253415189968, 0.950253415189968, 1000, 0, 0, 1000, 3, 245455, 803200.0, 1214821.0, 1536416.0, 803.2, 1214.821, 1536.416
2, ../data/synthetic/2018-05-01_small/net1/net1-60-10.xes.gz, ../data/synthetic/2018-05-01_small/net1/net1.apnml, net1-60-10, net1, false, sese_25, Score-based, Strict exclude by conflicts, false, true, true, 900000, 80000, 10, 4, 100, 0, 100, 100, 200, 59.08, 59.08, 0.9264488017429194, 0.9264488017429194, 1000, 0, 0, 1000, 5, 381104, 788919.0, 1226596.0, 1851238.0, 788.919, 1226.596, 1851.238
3, ../data/synthetic/2018-05-01_small/net2/net2-10-10.xes.gz, ../data/synthetic/2018-05-01_small/net2/net2.apnml, net2-10-10, net2, false, sese_25, Score-based, Strict exclude by conflicts, false, true, true, 900000, 80000, 10, 4, 100, 0, 100, 100, 200, 10.412, 10.412, 0.987067123764098, 0.987067123764098, 1000, 0, 0, 1000, 4, 84160, 341158.0, 729381.0, 830882.0, 341.158, 729.381, 830.882
4, ../data/synthetic/2018-05-01_small/net2/net2-10-60.xes.gz, ../data/synthetic/2018-05-01_small/net2/net2.apnml, net2-10-60, net2, false, sese_25, Score-based, Strict exclude by conflicts, false, true, true, 900000, 80000, 10, 4, 100, 0, 100, 100, 200, 42.976, 42.976, 0.9466209586267715, 0.9466209586267715, 1000, 0, 0, 1000, 2, 273192, 856463.0, 1278972.0, 1601829.0, 856.463, 1278.972, 1601.829
5, ../data/synthetic/2018-05-01_small/net2/net2-60-10.xes.gz, ../data/synthetic/2018-05-01_small/net2/net2.apnml, net2-60-10, net2, false, sese_25, Score-based, Strict exclude by conflicts, false, true, true, 900000, 80000, 10, 4, 100, 0, 100, 100, 200, 57.276, 57.276, 0.9317980471540843, 0.9317980471540843, 1000, 0, 0, 1000, 5, 387670, 791324.0, 1248254.0, 1848568.0, 791.324, 1248.254, 1848.568
6, ../data/synthetic/2018-05-01_small/net3/net3-10-10.xes.gz, ../data/synthetic/2018-05-01_small/net3/net3.apnml, net3-10-10, net3, false, sese_25, Score-based, Strict exclude by conflicts, false, true, true, 900000, 80000, 10, 4, 100, 0, 100, 100, 200, 9.868, 9.868, 0.9878243488346268, 0.9878243488346268, 1000, 0, 0, 1000, 4, 95655, 356668.0, 751927.0, 868143.0, 356.668, 751.927, 868.143
7, ../data/synthetic/2018-05-01_small/net3/net3-10-60.xes.gz, ../data/synthetic/2018-05-01_small/net3/net3.apnml, net3-10-60, net3, false, sese_25, Score-based, Strict exclude by conflicts, false, true, true, 900000, 80000, 10, 4, 100, 0, 100, 100, 200, 42.974, 42.974, 0.9487807203642344, 0.9487807203642344, 1000, 0, 0, 1000, 3, 347587, 1024722.0, 1476650.0, 1885895.0, 1024.722, 1476.65, 1885.895
8, ../data/synthetic/2018-05-01_small/net3/net3-60-10.xes.gz, ../data/synthetic/2018-05-01_small/net3/net3.apnml, net3-60-10, net3, false, sese_25, Score-based, Strict exclude by conflicts, false, true, true, 900000, 80000, 10, 4, 100, 0, 100, 100, 200, 58.018, 58.018, 0.9300558174299871, 0.9300558174299871, 1000, 0, 0, 1000, 5, 418342, 812613.0, 1270491.0, 1869968.0, 812.613, 1270.491, 1869.968
