{"alignmentPercentage": 100, "outFile": "../results/2018-07-31_22:41:54:240298_20180501_R_all_L_all_S_M15/results.csv", "localDuration": 80000, "log": "net1-10-60", "moveOnModelCosts": 4, "iteration": 1, "modelPath": "../data/synthetic/2018-05-01_small/net1/net1.apnml", "logPath": "../data/synthetic/2018-05-01_small/net1/net1-10-60.xes.gz", "decomposition": "sese_25", "preferBorderTransitions": false, "useHideAndReduceAbstraction": true, "maxConflicts": 100, "initDecompFile": "../data/synthetic/2018-05-01_small/net1/decomposition/net1.sese_25", "nofIterations": 200, "globalDuration": 900000, "moveOnLogCosts": 10, "intervalAbsolute": 0, "intervalRelative": 100, "model": "net1", "recomposeStrategy": "All conflicts", "addConflictOnlyOnce": true, "logCreationStrategy": "Include all"}