{"alignmentPercentage": 100, "outFile": "../results/2018-07-31_22:41:54:240298_20180501_R_all_L_all_S_M15/results.csv", "localDuration": 80000, "log": "net2-10-10", "moveOnModelCosts": 4, "iteration": 3, "modelPath": "../data/synthetic/2018-05-01_small/net2/net2.apnml", "logPath": "../data/synthetic/2018-05-01_small/net2/net2-10-10.xes.gz", "decomposition": "sese_25", "preferBorderTransitions": false, "useHideAndReduceAbstraction": true, "maxConflicts": 100, "initDecompFile": "../data/synthetic/2018-05-01_small/net2/decomposition/net2.sese_25", "nofIterations": 200, "globalDuration": 900000, "moveOnLogCosts": 10, "intervalAbsolute": 0, "intervalRelative": 100, "model": "net2", "recomposeStrategy": "All conflicts", "addConflictOnlyOnce": true, "logCreationStrategy": "Include all"}