_id,LogPath,ModelPath,Log,Model,Monolithic,Decomposition,RecomposeStrategy,LogCreationStrategy,PreferBorderTransitions,AddConflictOnlyOnce,UseHideAndReduceAbstraction,GlobalDurationThreshold,LocalDurationThreshold,LogMoveCost,ModelMoveCost,RelativeIntervalThreshold,AbsoluteIntervalThreshold,MaxConflictThreshold,AlignmentPercentageThreshold,MaxIterationThreshold,CostIntervalLo,CostIntervalHi,FitnessLo,FitnessHi,Aligned,ToAlign,Rejected,TotalTraces,RecompositionStepsTaken,TotalTimeTaken,TotalGeneratedStates,TotalQueuedStates,TotalTraversedArcs,AvgGenerateStates,AvgQueuedStates,AvgTraversedArcs
0, ../data/synthetic/2018-05-01_small/net1/net1-10-10.xes.gz, ../data/synthetic/2018-05-01_small/net1/net1.apnml, net1-10-10, net1, false, sese_25, All conflicts, Include all, false, true, true, 900000, 80000, 10, 4, 100, 0, 100, 100, 200, 9.046, 9.046, 0.9886547771339704, 0.9886547771339704, 1000, 0, 0, 1000, 2, 66257, 310234.0, 679139.0, 779328.0, 310.234, 679.139, 779.328
1, ../data/synthetic/2018-05-01_small/net1/net1-10-60.xes.gz, ../data/synthetic/2018-05-01_small/net1/net1.apnml, net1-10-60, net1, false, sese_25, All conflicts, Include all, false, true, true, 900000, 80000, 10, 4, 100, 0, 100, 100, 200, 39.948, 39.948, 0.950253415189968, 0.950253415189968, 1000, 0, 0, 1000, 2, 247564, 798271.0, 1205345.0, 1526132.0, 798.271, 1205.345, 1526.132
2, ../data/synthetic/2018-05-01_small/net1/net1-60-10.xes.gz, ../data/synthetic/2018-05-01_small/net1/net1.apnml, net1-60-10, net1, false, sese_25, All conflicts, Include all, false, true, true, 900000, 80000, 10, 4, 100, 0, 100, 100, 200, 59.08, 59.08, 0.9264488017429194, 0.9264488017429194, 1000, 0, 0, 1000, 2, 371623, 786123.0, 1221092.0, 1845575.0, 786.123, 1221.092, 1845.575
3, ../data/synthetic/2018-05-01_small/net2/net2-10-10.xes.gz, ../data/synthetic/2018-05-01_small/net2/net2.apnml, net2-10-10, net2, false, sese_25, All conflicts, Include all, false, true, true, 900000, 80000, 10, 4, 100, 0, 100, 100, 200, 10.412, 10.412, 0.987067123764098, 0.987067123764098, 1000, 0, 0, 1000, 2, 76193, 338378.0, 722674.0, 824433.0, 338.378, 722.674, 824.433
4, ../data/synthetic/2018-05-01_small/net2/net2-10-60.xes.gz, ../data/synthetic/2018-05-01_small/net2/net2.apnml, net2-10-60, net2, false, sese_25, All conflicts, Include all, false, true, true, 900000, 80000, 10, 4, 100, 0, 100, 100, 200, 42.976, 42.976, 0.9466209586267715, 0.9466209586267715, 1000, 0, 0, 1000, 2, 266837, 856806.0, 1279372.0, 1602801.0, 856.806, 1279.372, 1602.801
5, ../data/synthetic/2018-05-01_small/net2/net2-60-10.xes.gz, ../data/synthetic/2018-05-01_small/net2/net2.apnml, net2-60-10, net2, false, sese_25, All conflicts, Include all, false, true, true, 900000, 80000, 10, 4, 100, 0, 100, 100, 200, 57.276, 57.276, 0.9317980471540843, 0.9317980471540843, 1000, 0, 0, 1000, 2, 374207, 789499.0, 1243909.0, 1844372.0, 789.499, 1243.909, 1844.372
6, ../data/synthetic/2018-05-01_small/net3/net3-10-10.xes.gz, ../data/synthetic/2018-05-01_small/net3/net3.apnml, net3-10-10, net3, false, sese_25, All conflicts, Include all, false, true, true, 900000, 80000, 10, 4, 100, 0, 100, 100, 200, 9.868, 9.868, 0.9878243488346268, 0.9878243488346268, 1000, 0, 0, 1000, 2, 86015, 353188.0, 744450.0, 860566.0, 353.188, 744.45, 860.566
7, ../data/synthetic/2018-05-01_small/net3/net3-10-60.xes.gz, ../data/synthetic/2018-05-01_small/net3/net3.apnml, net3-10-60, net3, false, sese_25, All conflicts, Include all, false, true, true, 900000, 80000, 10, 4, 100, 0, 100, 100, 200, 42.974, 42.974, 0.9487807203642344, 0.9487807203642344, 1000, 0, 0, 1000, 2, 345938, 1019692.0, 1465847.0, 1874065.0, 1019.692, 1465.847, 1874.065
8, ../data/synthetic/2018-05-01_small/net3/net3-60-10.xes.gz, ../data/synthetic/2018-05-01_small/net3/net3.apnml, net3-60-10, net3, false, sese_25, All conflicts, Include all, false, true, true, 900000, 80000, 10, 4, 100, 0, 100, 100, 200, 58.018, 58.018, 0.9300558174299871, 0.9300558174299871, 1000, 0, 0, 1000, 2, 409926, 809596.0, 1264879.0, 1864051.0, 809.596, 1264.879, 1864.051
