{"useHideAndReduceAbstraction": true, "initDecompFile": "../data/synthetic/2018-05-01_small/net2/decomposition/net2.sese_25", "moveOnModelCosts": 4, "decomposition": "sese_25", "outFile": "../results/2018-08-01_04:27:49:480755_20180501_R_one_most_freq_set_L_exclude_S_M15/results.csv", "logCreationStrategy": "Strict exclude by conflicts", "iteration": 4, "alignmentPercentage": 100, "recomposeStrategy": "Top one most frequent conflicts set", "localDuration": 80000, "globalDuration": 900000, "intervalAbsolute": 0, "model": "net2", "modelPath": "../data/synthetic/2018-05-01_small/net2/net2.apnml", "addConflictOnlyOnce": true, "maxConflicts": 100, "preferBorderTransitions": false, "nofIterations": 200, "moveOnLogCosts": 10, "intervalRelative": 100, "log": "net2-10-60", "logPath": "../data/synthetic/2018-05-01_small/net2/net2-10-60.xes.gz"}