_id,LogPath,ModelPath,Log,Model,Monolithic,Decomposition,RecomposeStrategy,LogCreationStrategy,PreferBorderTransitions,AddConflictOnlyOnce,UseHideAndReduceAbstraction,GlobalDurationThreshold,LocalDurationThreshold,LogMoveCost,ModelMoveCost,RelativeIntervalThreshold,AbsoluteIntervalThreshold,MaxConflictThreshold,AlignmentPercentageThreshold,MaxIterationThreshold,CostIntervalLo,CostIntervalHi,FitnessLo,FitnessHi,Aligned,ToAlign,Rejected,TotalTraces,RecompositionStepsTaken,TotalTimeTaken,TotalGeneratedStates,TotalQueuedStates,TotalTraversedArcs,AvgGenerateStates,AvgQueuedStates,AvgTraversedArcs
0, ../data/synthetic/2018-05-01_small/net1/net1-10-10.xes.gz, ../data/synthetic/2018-05-01_small/net1/net1.apnml, net1-10-10, net1, true, na, na, na, na, na, na, na, na, na, na, na, na, na, na, na, 9.045999999999998, 9.045999999999998, na, na, 1000, na, na, 1000, na, 140572, 160628.0, 389294.0, 492654.0, 160.628, 389.294, 492.654
1, ../data/synthetic/2018-05-01_small/net1/net1-10-60.xes.gz, ../data/synthetic/2018-05-01_small/net1/net1.apnml, net1-10-60, net1, true, na, na, na, na, na, na, na, na, na, na, na, na, na, na, na, 39.94800000000007, 39.94800000000007, na, na, 1000, na, na, 1000, na, 323089, 648852.0, 914865.0, 1238601.0, 648.852, 914.865, 1238.601
2, ../data/synthetic/2018-05-01_small/net1/net1-60-10.xes.gz, ../data/synthetic/2018-05-01_small/net1/net1.apnml, net1-60-10, net1, true, na, na, na, na, na, na, na, na, na, na, na, na, na, na, na, 59.08000000000004, 59.08000000000004, na, na, 1000, na, na, 1000, na, 390203, 721821.0, 1096612.0, 1723313.0, 721.821, 1096.612, 1723.313
3, ../data/synthetic/2018-05-01_small/net2/net2-10-10.xes.gz, ../data/synthetic/2018-05-01_small/net2/net2.apnml, net2-10-10, net2, true, na, na, na, na, na, na, na, na, na, na, na, na, na, na, na, 10.411999999999995, 10.411999999999995, na, na, 1000, na, na, 1000, na, 150061, 174231.0, 407730.0, 516866.0, 174.231, 407.73, 516.866
4, ../data/synthetic/2018-05-01_small/net2/net2-10-60.xes.gz, ../data/synthetic/2018-05-01_small/net2/net2.apnml, net2-10-60, net2, true, na, na, na, na, na, na, na, na, na, na, na, na, na, na, na, 42.976000000000035, 42.976000000000035, na, na, 1000, na, na, 1000, na, 344247, 692253.0, 962530.0, 1293609.0, 692.253, 962.53, 1293.609
5, ../data/synthetic/2018-05-01_small/net2/net2-60-10.xes.gz, ../data/synthetic/2018-05-01_small/net2/net2.apnml, net2-60-10, net2, true, na, na, na, na, na, na, na, na, na, na, na, na, na, na, na, 57.27600000000006, 57.27600000000006, na, na, 1000, na, na, 1000, na, 395677, 711709.0, 1093314.0, 1696244.0, 711.709, 1093.314, 1696.244
6, ../data/synthetic/2018-05-01_small/net3/net3-10-10.xes.gz, ../data/synthetic/2018-05-01_small/net3/net3.apnml, net3-10-10, net3, true, na, na, na, na, na, na, na, na, na, na, na, na, na, na, na, 9.867999999999988, 9.867999999999988, na, na, 1000, na, na, 1000, na, 168719, 190558.0, 429679.0, 552559.0, 190.558, 429.679, 552.559
7, ../data/synthetic/2018-05-01_small/net3/net3-10-60.xes.gz, ../data/synthetic/2018-05-01_small/net3/net3.apnml, net3-10-60, net3, true, na, na, na, na, na, na, na, na, na, na, na, na, na, na, na, 42.974000000000046, 42.974000000000046, na, na, 1000, na, na, 1000, na, 423824, 856032.0, 1147377.0, 1562892.0, 856.032, 1147.377, 1562.892
8, ../data/synthetic/2018-05-01_small/net3/net3-60-10.xes.gz, ../data/synthetic/2018-05-01_small/net3/net3.apnml, net3-60-10, net3, true, na, na, na, na, na, na, na, na, na, na, na, na, na, na, na, 58.017999999999944, 58.017999999999944, na, na, 1000, na, na, 1000, na, 430521, 734699.0, 1119454.0, 1722322.0, 734.699, 1119.454, 1722.322
