{"globalDuration": 900000, "intervalAbsolute": 0, "logPath": "../data/synthetic/2018-05-01_small/net2/net2-10-10.xes.gz", "nofIterations": 200, "localDuration": 80000, "log": "net2-10-10", "useHideAndReduceAbstraction": true, "initDecompFile": "../data/synthetic/2018-05-01_small/net2/decomposition/net2.sese_25", "decomposition": "sese_25", "iteration": 3, "intervalRelative": 100, "addConflictOnlyOnce": true, "model": "net2", "moveOnLogCosts": 10, "maxConflicts": 100, "outFile": "../results/2018-08-01_04:27:50:352864_20180501_R_three_most_freq_set_L_exclude_S_M15/results.csv", "recomposeStrategy": "Top three most frequent conflicts set", "moveOnModelCosts": 4, "logCreationStrategy": "Strict exclude by conflicts", "alignmentPercentage": 100, "modelPath": "../data/synthetic/2018-05-01_small/net2/net2.apnml", "preferBorderTransitions": false}