_id,LogPath,ModelPath,Log,Model,Monolithic,Decomposition,RecomposeStrategy,LogCreationStrategy,PreferBorderTransitions,AddConflictOnlyOnce,UseHideAndReduceAbstraction,GlobalDurationThreshold,LocalDurationThreshold,LogMoveCost,ModelMoveCost,RelativeIntervalThreshold,AbsoluteIntervalThreshold,MaxConflictThreshold,AlignmentPercentageThreshold,MaxIterationThreshold,CostIntervalLo,CostIntervalHi,FitnessLo,FitnessHi,Aligned,ToAlign,Rejected,TotalTraces,RecompositionStepsTaken,TotalTimeTaken,TotalGeneratedStates,TotalQueuedStates,TotalTraversedArcs,AvgGenerateStates,AvgQueuedStates,AvgTraversedArcs
0, ../data/synthetic/2018-05-01_small/net1/net1-10-10.xes.gz, ../data/synthetic/2018-05-01_small/net1/net1.apnml, net1-10-10, net1, false, sese_25, Top three most frequent conflicts set, Strict exclude by conflicts, false, true, true, 900000, 80000, 10, 4, 100, 0, 100, 100, 200, 9.046, 9.046, 0.9886547771339704, 0.9886547771339704, 1000, 0, 0, 1000, 12, 72423, 297975.0, 665873.0, 748099.0, 297.975, 665.873, 748.099
1, ../data/synthetic/2018-05-01_small/net1/net1-10-60.xes.gz, ../data/synthetic/2018-05-01_small/net1/net1.apnml, net1-10-60, net1, false, sese_25, Top three most frequent conflicts set, Strict exclude by conflicts, false, true, true, 900000, 80000, 10, 4, 100, 0, 100, 100, 200, 39.948, 39.948, 0.950253415189968, 0.950253415189968, 1000, 0, 0, 1000, 9, 272080, 791481.0, 1199402.0, 1516856.0, 791.481, 1199.402, 1516.856
2, ../data/synthetic/2018-05-01_small/net1/net1-60-10.xes.gz, ../data/synthetic/2018-05-01_small/net1/net1.apnml, net1-60-10, net1, false, sese_25, Top three most frequent conflicts set, Strict exclude by conflicts, false, true, true, 900000, 80000, 10, 4, 100, 0, 100, 100, 200, 59.08, 59.08, 0.9264488017429194, 0.9264488017429194, 1000, 0, 0, 1000, 17, 338930, 722081.0, 1141650.0, 1689480.0, 722.081, 1141.65, 1689.48
3, ../data/synthetic/2018-05-01_small/net2/net2-10-10.xes.gz, ../data/synthetic/2018-05-01_small/net2/net2.apnml, net2-10-10, net2, false, sese_25, Top three most frequent conflicts set, Strict exclude by conflicts, false, true, true, 900000, 80000, 10, 4, 100, 0, 100, 100, 200, 10.412, 10.412, 0.987067123764098, 0.987067123764098, 1000, 0, 0, 1000, 15, 95060, 332103.0, 718984.0, 809806.0, 332.103, 718.984, 809.806
4, ../data/synthetic/2018-05-01_small/net2/net2-10-60.xes.gz, ../data/synthetic/2018-05-01_small/net2/net2.apnml, net2-10-60, net2, false, sese_25, Top three most frequent conflicts set, Strict exclude by conflicts, false, true, true, 900000, 80000, 10, 4, 100, 0, 100, 100, 200, 42.976, 42.976, 0.9466209586267715, 0.9466209586267715, 1000, 0, 0, 1000, 8, 312342, 840373.0, 1263191.0, 1579352.0, 840.373, 1263.191, 1579.352
5, ../data/synthetic/2018-05-01_small/net2/net2-60-10.xes.gz, ../data/synthetic/2018-05-01_small/net2/net2.apnml, net2-60-10, net2, false, sese_25, Top three most frequent conflicts set, Strict exclude by conflicts, false, true, true, 900000, 80000, 10, 4, 100, 0, 100, 100, 200, 57.276, 57.276, 0.9317980471540843, 0.9317980471540843, 1000, 0, 0, 1000, 16, 364024, 758485.0, 1208617.0, 1762815.0, 758.485, 1208.617, 1762.815
6, ../data/synthetic/2018-05-01_small/net3/net3-10-10.xes.gz, ../data/synthetic/2018-05-01_small/net3/net3.apnml, net3-10-10, net3, false, sese_25, Top three most frequent conflicts set, Strict exclude by conflicts, false, true, true, 900000, 80000, 10, 4, 100, 0, 100, 100, 200, 9.868, 9.868, 0.9878243488346268, 0.9878243488346268, 1000, 0, 0, 1000, 14, 96270, 339462.0, 730191.0, 827885.0, 339.462, 730.191, 827.885
7, ../data/synthetic/2018-05-01_small/net3/net3-10-60.xes.gz, ../data/synthetic/2018-05-01_small/net3/net3.apnml, net3-10-60, net3, false, sese_25, Top three most frequent conflicts set, Strict exclude by conflicts, false, true, true, 900000, 80000, 10, 4, 100, 0, 100, 100, 200, 42.974, 42.974, 0.9487807203642344, 0.9487807203642344, 1000, 0, 0, 1000, 8, 362815, 1017294.0, 1465508.0, 1872181.0, 1017.294, 1465.508, 1872.181
8, ../data/synthetic/2018-05-01_small/net3/net3-60-10.xes.gz, ../data/synthetic/2018-05-01_small/net3/net3.apnml, net3-60-10, net3, false, sese_25, Top three most frequent conflicts set, Strict exclude by conflicts, false, true, true, 900000, 80000, 10, 4, 100, 0, 100, 100, 200, 58.018, 58.018, 0.9300558174299871, 0.9300558174299871, 1000, 0, 0, 1000, 19, 395617, 780241.0, 1233628.0, 1785879.0, 780.241, 1233.628, 1785.879
