{"logPath": "../data/synthetic/2018-05-01_small/net3/net3-60-10.xes.gz", "decomposition": "sese_25", "log": "net3-60-10", "intervalRelative": 100, "iteration": 8, "initDecompFile": "../data/synthetic/2018-05-01_small/net3/decomposition/net3.sese_25", "model": "net3", "modelPath": "../data/synthetic/2018-05-01_small/net3/net3.apnml", "moveOnModelCosts": 4, "globalDuration": 900000, "logCreationStrategy": "Include all", "alignmentPercentage": 100, "nofIterations": 200, "maxConflicts": 100, "recomposeStrategy": "Most frequent conflicts", "addConflictOnlyOnce": true, "moveOnLogCosts": 10, "localDuration": 80000, "outFile": "../results/2018-07-31_23:24:35:884317_20180501_R_most_freq_L_all_S_M15/results.csv", "preferBorderTransitions": false, "intervalAbsolute": 0, "useHideAndReduceAbstraction": true}