{"logPath": "../data/synthetic/2018-05-01_small/net1/net1-10-10.xes.gz", "decomposition": "sese_25", "log": "net1-10-10", "intervalRelative": 100, "iteration": 0, "initDecompFile": "../data/synthetic/2018-05-01_small/net1/decomposition/net1.sese_25", "model": "net1", "modelPath": "../data/synthetic/2018-05-01_small/net1/net1.apnml", "moveOnModelCosts": 4, "globalDuration": 900000, "logCreationStrategy": "Include all", "alignmentPercentage": 100, "nofIterations": 200, "maxConflicts": 100, "recomposeStrategy": "Most frequent conflicts", "addConflictOnlyOnce": true, "moveOnLogCosts": 10, "localDuration": 80000, "outFile": "../results/2018-07-31_23:24:35:884317_20180501_R_most_freq_L_all_S_M15/results.csv", "preferBorderTransitions": false, "intervalAbsolute": 0, "useHideAndReduceAbstraction": true}