_id,LogPath,ModelPath,Log,Model,Monolithic,Decomposition,RecomposeStrategy,LogCreationStrategy,PreferBorderTransitions,AddConflictOnlyOnce,UseHideAndReduceAbstraction,GlobalDurationThreshold,LocalDurationThreshold,LogMoveCost,ModelMoveCost,RelativeIntervalThreshold,AbsoluteIntervalThreshold,MaxConflictThreshold,AlignmentPercentageThreshold,MaxIterationThreshold,CostIntervalLo,CostIntervalHi,FitnessLo,FitnessHi,Aligned,ToAlign,Rejected,TotalTraces,RecompositionStepsTaken,TotalTimeTaken,TotalGeneratedStates,TotalQueuedStates,TotalTraversedArcs,AvgGenerateStates,AvgQueuedStates,AvgTraversedArcs
0, ../data/synthetic/2018-05-01_small/net1/net1-10-10.xes.gz, ../data/synthetic/2018-05-01_small/net1/net1.apnml, net1-10-10, net1, false, sese_25, Most frequent conflicts, Include all, false, true, true, 900000, 80000, 10, 4, 100, 0, 100, 100, 200, 9.046, 9.046, 0.9886547771339704, 0.9886547771339704, 1000, 0, 0, 1000, 41, 372702, 291404.0, 661039.0, 733956.0, 291.404, 661.039, 733.956
1, ../data/synthetic/2018-05-01_small/net1/net1-10-60.xes.gz, ../data/synthetic/2018-05-01_small/net1/net1.apnml, net1-10-60, net1, false, sese_25, Most frequent conflicts, Include all, false, true, true, 900000, 80000, 10, 4, 100, 0, 100, 100, 200, 37.786, 78.396, 0.9023747556131153, 0.9529457180927238, 904, 96, 0, 1000, 44, 995308, 680398.0, 1081325.0, 1350315.0, 680.398, 1081.325, 1350.315
2, ../data/synthetic/2018-05-01_small/net1/net1-60-10.xes.gz, ../data/synthetic/2018-05-01_small/net1/net1.apnml, net1-60-10, net1, false, sese_25, Most frequent conflicts, Include all, false, true, true, 900000, 80000, 10, 4, 100, 0, 100, 100, 200, 52.402, 430.576, 0.4639576719576719, 0.9347625272331155, 498, 502, 0, 1000, 32, 926915, 407450.0, 760668.0, 974495.0, 407.45, 760.668, 974.495
3, ../data/synthetic/2018-05-01_small/net2/net2-10-10.xes.gz, ../data/synthetic/2018-05-01_small/net2/net2.apnml, net2-10-10, net2, false, sese_25, Most frequent conflicts, Include all, false, true, true, 900000, 80000, 10, 4, 100, 0, 100, 100, 200, 10.412, 10.412, 0.987067123764098, 0.987067123764098, 1000, 0, 0, 1000, 47, 521178, 320537.0, 704242.0, 782484.0, 320.537, 704.242, 782.484
4, ../data/synthetic/2018-05-01_small/net2/net2-10-60.xes.gz, ../data/synthetic/2018-05-01_small/net2/net2.apnml, net2-10-60, net2, false, sese_25, Most frequent conflicts, Include all, false, true, true, 900000, 80000, 10, 4, 100, 0, 100, 100, 200, 38.624, 84.99, 0.8944367850355852, 0.9520264311708959, 895, 105, 0, 1000, 44, 924610, 424872.0, 812191.0, 918259.0, 424.872, 812.191, 918.259
5, ../data/synthetic/2018-05-01_small/net2/net2-60-10.xes.gz, ../data/synthetic/2018-05-01_small/net2/net2.apnml, net2-60-10, net2, false, sese_25, Most frequent conflicts, Include all, false, true, true, 900000, 80000, 10, 4, 100, 0, 100, 100, 200, 50.433, 428.038, 0.4903095975232198, 0.9399464158132889, 513, 487, 0, 1000, 33, 934360, 465237.0, 857125.0, 1100193.0, 465.237, 857.125, 1100.193
6, ../data/synthetic/2018-05-01_small/net3/net3-10-10.xes.gz, ../data/synthetic/2018-05-01_small/net3/net3.apnml, net3-10-10, net3, false, sese_25, Most frequent conflicts, Include all, false, true, true, 900000, 80000, 10, 4, 100, 0, 100, 100, 200, 9.868, 9.868, 0.9878243488346268, 0.9878243488346268, 1000, 0, 0, 1000, 45, 554768, 327484.0, 716560.0, 803131.0, 327.484, 716.56, 803.131
7, ../data/synthetic/2018-05-01_small/net3/net3-10-60.xes.gz, ../data/synthetic/2018-05-01_small/net3/net3.apnml, net3-10-60, net3, false, sese_25, Most frequent conflicts, Include all, false, true, true, 900000, 80000, 10, 4, 100, 0, 100, 100, 200, 38.141, 85.564, 0.8980191175418941, 0.954541012133203, 912, 88, 0, 1000, 39, 929773, 461602.0, 864121.0, 980908.0, 461.602, 864.121, 980.908
8, ../data/synthetic/2018-05-01_small/net3/net3-60-10.xes.gz, ../data/synthetic/2018-05-01_small/net3/net3.apnml, net3-60-10, net3, false, sese_25, Most frequent conflicts, Include all, false, true, true, 900000, 80000, 10, 4, 100, 0, 100, 100, 200, 50.612, 448.748, 0.4590073418606614, 0.9389841951078374, 489, 511, 0, 1000, 29, 952462, 460161.0, 843102.0, 1080490.0, 460.161, 843.102, 1080.49
