{"logCreationStrategy": "Strict exclude by conflicts", "moveOnLogCosts": 10, "log": "net1-60-10", "intervalAbsolute": 0, "intervalRelative": 100, "logPath": "../data/synthetic/2018-05-01_small/net1/net1-60-10.xes.gz", "nofIterations": 200, "outFile": "../results/2018-08-01_05:11:33:064643_20180501_R_ten_most_freq_set_L_exclude_S_M15/results.csv", "iteration": 2, "model": "net1", "globalDuration": 900000, "addConflictOnlyOnce": true, "preferBorderTransitions": false, "decomposition": "sese_25", "moveOnModelCosts": 4, "initDecompFile": "../data/synthetic/2018-05-01_small/net1/decomposition/net1.sese_25", "useHideAndReduceAbstraction": true, "recomposeStrategy": "Top ten most frequent conflicts set", "alignmentPercentage": 100, "localDuration": 80000, "modelPath": "../data/synthetic/2018-05-01_small/net1/net1.apnml", "maxConflicts": 100}