_id,LogPath,ModelPath,Log,Model,Monolithic,Decomposition,RecomposeStrategy,LogCreationStrategy,PreferBorderTransitions,AddConflictOnlyOnce,UseHideAndReduceAbstraction,GlobalDurationThreshold,LocalDurationThreshold,LogMoveCost,ModelMoveCost,RelativeIntervalThreshold,AbsoluteIntervalThreshold,MaxConflictThreshold,AlignmentPercentageThreshold,MaxIterationThreshold,CostIntervalLo,CostIntervalHi,FitnessLo,FitnessHi,Aligned,ToAlign,Rejected,TotalTraces,RecompositionStepsTaken,TotalTimeTaken,TotalGeneratedStates,TotalQueuedStates,TotalTraversedArcs,AvgGenerateStates,AvgQueuedStates,AvgTraversedArcs
0, ../data/synthetic/2018-05-01_small/net1/net1-10-10.xes.gz, ../data/synthetic/2018-05-01_small/net1/net1.apnml, net1-10-10, net1, false, sese_25, Top ten most frequent conflicts set, Strict exclude by conflicts, false, true, true, 900000, 80000, 10, 4, 100, 0, 100, 100, 200, 9.046, 9.046, 0.9886547771339704, 0.9886547771339704, 1000, 0, 0, 1000, 6, 67183, 311676.0, 682594.0, 779474.0, 311.676, 682.594, 779.474
1, ../data/synthetic/2018-05-01_small/net1/net1-10-60.xes.gz, ../data/synthetic/2018-05-01_small/net1/net1.apnml, net1-10-60, net1, false, sese_25, Top ten most frequent conflicts set, Strict exclude by conflicts, false, true, true, 900000, 80000, 10, 4, 100, 0, 100, 100, 200, 39.948, 39.948, 0.950253415189968, 0.950253415189968, 1000, 0, 0, 1000, 4, 241880, 785182.0, 1191658.0, 1505454.0, 785.182, 1191.658, 1505.454
2, ../data/synthetic/2018-05-01_small/net1/net1-60-10.xes.gz, ../data/synthetic/2018-05-01_small/net1/net1.apnml, net1-60-10, net1, false, sese_25, Top ten most frequent conflicts set, Strict exclude by conflicts, false, true, true, 900000, 80000, 10, 4, 100, 0, 100, 100, 200, 59.08, 59.08, 0.9264488017429194, 0.9264488017429194, 1000, 0, 0, 1000, 7, 353748, 773340.0, 1210805.0, 1816694.0, 773.34, 1210.805, 1816.694
3, ../data/synthetic/2018-05-01_small/net2/net2-10-10.xes.gz, ../data/synthetic/2018-05-01_small/net2/net2.apnml, net2-10-10, net2, false, sese_25, Top ten most frequent conflicts set, Strict exclude by conflicts, false, true, true, 900000, 80000, 10, 4, 100, 0, 100, 100, 200, 10.412, 10.412, 0.987067123764098, 0.987067123764098, 1000, 0, 0, 1000, 6, 72710, 331874.0, 716802.0, 809561.0, 331.874, 716.802, 809.561
4, ../data/synthetic/2018-05-01_small/net2/net2-10-60.xes.gz, ../data/synthetic/2018-05-01_small/net2/net2.apnml, net2-10-60, net2, false, sese_25, Top ten most frequent conflicts set, Strict exclude by conflicts, false, true, true, 900000, 80000, 10, 4, 100, 0, 100, 100, 200, 42.976, 42.976, 0.9466209586267715, 0.9466209586267715, 1000, 0, 0, 1000, 4, 271187, 855978.0, 1278431.0, 1600694.0, 855.978, 1278.431, 1600.694
5, ../data/synthetic/2018-05-01_small/net2/net2-60-10.xes.gz, ../data/synthetic/2018-05-01_small/net2/net2.apnml, net2-60-10, net2, false, sese_25, Top ten most frequent conflicts set, Strict exclude by conflicts, false, true, true, 900000, 80000, 10, 4, 100, 0, 100, 100, 200, 57.276, 57.276, 0.9317980471540843, 0.9317980471540843, 1000, 0, 0, 1000, 7, 353161, 773819.0, 1224227.0, 1807733.0, 773.819, 1224.227, 1807.733
6, ../data/synthetic/2018-05-01_small/net3/net3-10-10.xes.gz, ../data/synthetic/2018-05-01_small/net3/net3.apnml, net3-10-10, net3, false, sese_25, Top ten most frequent conflicts set, Strict exclude by conflicts, false, true, true, 900000, 80000, 10, 4, 100, 0, 100, 100, 200, 9.868, 9.868, 0.9878243488346268, 0.9878243488346268, 1000, 0, 0, 1000, 6, 81471, 347161.0, 738428.0, 844803.0, 347.161, 738.428, 844.803
7, ../data/synthetic/2018-05-01_small/net3/net3-10-60.xes.gz, ../data/synthetic/2018-05-01_small/net3/net3.apnml, net3-10-60, net3, false, sese_25, Top ten most frequent conflicts set, Strict exclude by conflicts, false, true, true, 900000, 80000, 10, 4, 100, 0, 100, 100, 200, 42.974, 42.974, 0.9487807203642344, 0.9487807203642344, 1000, 0, 0, 1000, 5, 354774, 1018534.0, 1464857.0, 1872477.0, 1018.534, 1464.857, 1872.477
8, ../data/synthetic/2018-05-01_small/net3/net3-60-10.xes.gz, ../data/synthetic/2018-05-01_small/net3/net3.apnml, net3-60-10, net3, false, sese_25, Top ten most frequent conflicts set, Strict exclude by conflicts, false, true, true, 900000, 80000, 10, 4, 100, 0, 100, 100, 200, 58.018, 58.018, 0.9300558174299871, 0.9300558174299871, 1000, 0, 0, 1000, 6, 391076, 806828.0, 1263102.0, 1846770.0, 806.828, 1263.102, 1846.77
