{"localDuration": 80000, "addConflictOnlyOnce": true, "log": "net1-10-60", "intervalRelative": 100, "alignmentPercentage": 100, "model": "net1", "globalDuration": 900000, "iteration": 1, "intervalAbsolute": 0, "useHideAndReduceAbstraction": true, "modelPath": "../data/synthetic/2018-05-01_small/net1/net1.apnml", "logPath": "../data/synthetic/2018-05-01_small/net1/net1-10-60.xes.gz", "nofIterations": 200, "initDecompFile": "../data/synthetic/2018-05-01_small/net1/decomposition/net1.sese_25", "moveOnModelCosts": 4, "decomposition": "sese_25", "logCreationStrategy": "Include all", "preferBorderTransitions": false, "recomposeStrategy": "Random conflicts", "maxConflicts": 100, "outFile": "../results/2018-08-01_03:20:38:169369_20180501_R_random_L_all_S_M15/results.csv", "moveOnLogCosts": 10}