{"localDuration": 80000, "initDecompFile": "../data/synthetic/2018-05-01_small/net2/decomposition/net2.sese_25", "preferBorderTransitions": false, "recomposeStrategy": "Merge conflict graph", "logCreationStrategy": "Include all", "nofIterations": 200, "alignmentPercentage": 100, "maxConflicts": 100, "iteration": 5, "intervalRelative": 100, "modelPath": "../data/synthetic/2018-05-01_small/net2/net2.apnml", "outFile": "../results/2018-08-01_01:28:33:280984_20180501_R_graph_L_all_S_M15/results.csv", "log": "net2-60-10", "addConflictOnlyOnce": true, "moveOnModelCosts": 4, "decomposition": "sese_25", "useHideAndReduceAbstraction": true, "model": "net2", "intervalAbsolute": 0, "moveOnLogCosts": 10, "logPath": "../data/synthetic/2018-05-01_small/net2/net2-60-10.xes.gz", "globalDuration": 900000}